{"loss": [2.843552589416504, 1.6140094995498657, 1.02423894405365, 0.7254952192306519, 0.517318844795227, 0.4130437970161438, 0.3298795223236084, 0.28058329224586487, 0.24026978015899658, 0.1974857598543167, 0.18330346047878265, 0.1534104198217392, 0.16651572287082672, 0.1582772433757782, 0.15061450004577637], "accuracy": [0.21379999816417694, 0.4808666706085205, 0.6765333414077759, 0.7748666405677795, 0.8405333161354065, 0.8757333159446716, 0.8968666791915894, 0.9149333238601685, 0.9288666844367981, 0.9386666417121887, 0.9456666707992554, 0.9540666937828064, 0.9508000016212463, 0.9567333459854126, 0.958733320236206], "val_loss": [1.9170364141464233, 1.1857234239578247, 0.8846340179443359, 0.6713972091674805, 0.7123432755470276, 0.46613526344299316, 0.4719597101211548, 0.5757905840873718, 0.4783942401409149, 0.42934858798980713, 0.5272243022918701, 0.38563862442970276, 0.4611563980579376, 0.4342944622039795, 0.6011003255844116], "val_accuracy": [0.39233332872390747, 0.6256666779518127, 0.7099999785423279, 0.8059999942779541, 0.7950000166893005, 0.8633333444595337, 0.8723333477973938, 0.8473333120346069, 0.8756666779518127, 0.890333354473114, 0.8666666746139526, 0.9049999713897705, 0.890666663646698, 0.8966666460037231, 0.8579999804496765]}