{"loss": [1.6061729192733765, 0.7305577993392944, 0.4586120545864105, 0.3423807919025421, 0.24130254983901978], "accuracy": [0.46406665444374084, 0.7691333293914795, 0.859000027179718, 0.8949999809265137, 0.9264000058174133], "val_loss": [0.702931821346283, 0.6531524062156677, 0.49945858120918274, 0.32163894176483154, 0.34244921803474426], "val_accuracy": [0.7900000214576721, 0.7923333048820496, 0.8370000123977661, 0.906000018119812, 0.9023333191871643]}